full_name,url,stars,pushed_at,license,default_branch,commit_sha,modules,models,views,migration_count,migration_apps,size_class,verification_reason
django-cms/django-cms,https://github.com/django-cms/django-cms,10673,2026-09-29T04:01:15Z,NOASSERTION,main,5430f504fbe67193a5388afd4d52a9f2c60a37f5,14,15,37,26,2,Large,manage.py present at repository root
pennersr/django-allauth,https://github.com/pennersr/django-allauth,10376,2026-09-28T19:46:38Z,MIT,main,cf7a2b908cad028d60b44bf1b4cd8306f575ebf2,7,10,111,24,7,Large,manage.py present at repository root
openedx/openedx-platform,https://github.com/openedx/openedx-platform,8197,2026-09-29T09:05:36Z,AGPL-3.0,master,037eb6a6e472fdbb753da77b09ab0cc4f3122762,80,15,94,606,83,Large,manage.py present at repository root
inventree/InvenTree,https://github.com/inventree/InvenTree,7655,2026-09-29T11:36:22Z,MIT,master,9478c25a70696feddafbff139e6f41d3b0abe78d,15,39,19,171,13,Large,"manage.py=False, pyproject.toml lists Django"
liangliangyy/DjangoBlog,https://github.com/liangliangyy/DjangoBlog,7435,2026-09-15T11:18:06Z,MIT,master,075ee2bc1fc58a7c683da061ba7533b5dba63487,6,10,42,20,5,Large,"manage.py=True, requirements.txt lists Django"
hhyo/Archery,https://github.com/hhyo/Archery,7059,2026-09-04T08:46:36Z,Apache-2.0,master,ccc7134f48d0e261f9e3ffa0d445dcec48adb790,1,31,48,0,0,Large,"manage.py=True, requirements.txt lists Django"
django-extensions/django-extensions,https://github.com/django-extensions/django-extensions,6808,2026-08-31T09:50:02Z,MIT,main,9bdf31556675e795c7c7c4f033f194dc075d5919,4,62,0,0,0,Large,manage.py present at repository root
DefectDojo/django-DefectDojo,https://github.com/DefectDojo/django-DefectDojo,4967,2026-09-29T12:52:17Z,BSD-3-Clause,master,8b12d80ae30904fed44f5a84ff71f28da14bebaf,1,60,185,0,0,Large,"manage.py=True, requirements.txt lists Django"
django/djangoproject.com,https://github.com/django/djangoproject.com,2019,2026-09-28T10:12:06Z,BSD-3-Clause,main,901dd6b014c5f7fb55c8300ccdaf7e7e20bb36ee,4,48,95,63,11,Large,"manage.py=True, pyproject.toml lists Django"
django-wiki/django-wiki,https://github.com/django-wiki/django-wiki,1937,2026-09-08T21:32:17Z,GPL-3.0,main,04ebb5b51a41ef1fca554d74aa1e5fd8840b8537,11,2,41,10,5,Large,"manage.py=False, pyproject.toml lists Django"
django-commons/django-polymorphic,https://github.com/django-commons/django-polymorphic,1835,2026-09-02T21:06:18Z,NOASSERTION,main,1d7c689bbfb22df73eb7dcc59d5fd056b15a7d5b,11,61,11,12,12,Large,manage.py present at repository root
djangopackages/djangopackages,https://github.com/djangopackages/djangopackages,956,2026-09-29T07:46:25Z,NOASSERTION,main,6f7dba5b22bd901e95cfa994a51755f69aa42935,8,1,135,48,10,Large,manage.py present at repository root
csev/dj4e-samples,https://github.com/csev/dj4e-samples,605,2026-09-24T20:25:47Z,MIT,django52,ffa7875e1a67666f5ffc555aed12ba7d19ad715a,34,33,105,23,20,Large,manage.py present at repository root
xhongc/music-tag-web,https://github.com/xhongc/music-tag-web,6082,2026-09-28T01:33:46Z,GPL-3.0,dev_1.0,68461af83217cbd0c9ab1fcb4c0cd7ca3a791023,4,11,5,11,3,Medium,"manage.py=True, requirements.txt lists Django"
django-guardian/django-guardian,https://github.com/django-guardian/django-guardian,3917,2026-09-18T08:30:02Z,NOASSERTION,main,836d4d7a33c1a202c742e2d122c78ec076829de1,3,17,14,26,5,Medium,manage.py present at repository root
Ehco1996/django-sspanel,https://github.com/Ehco1996/django-sspanel,3073,2024-12-06T18:28:13Z,GPL-3.0,dev,289456a289d4761e62439df2ba86da14d5708db2,5,17,43,56,4,Medium,"manage.py=True, pyproject.toml lists Django"
jieter/django-tables2,https://github.com/jieter/django-tables2,2008,2026-08-31T08:06:45Z,NOASSERTION,master,34cdba3e13d7ee2aa15f07321ff2f3c8a7d259af,0,11,25,5,1,Medium,manage.py present at repository root
typeddjango/django-stubs,https://github.com/typeddjango/django-stubs,1975,2026-09-28T20:54:01Z,MIT,master,de0b49c8fb5d82bb2d5ab86ab4e4a92430a3893b,1,13,17,2,1,Medium,"manage.py=False, pyproject.toml lists Django"
django-cms/django-filer,https://github.com/django-cms/django-filer,1853,2026-09-28T13:27:37Z,NOASSERTION,master,dfeb36eefc82b9d2dd5d81626c9d29802fc78995,4,6,11,25,4,Medium,"manage.py=False, pyproject.toml lists Django"
dj-bolt/django-bolt,https://github.com/dj-bolt/django-bolt,1702,2026-09-28T01:54:02Z,NOASSERTION,master,aa8f152bdc654e055f48aa8e3b09c84cede3b28e,6,16,75,7,5,Medium,"manage.py=False, pyproject.toml lists Django"
DjangoCRM/django-crm,https://github.com/DjangoCRM/django-crm,631,2026-09-29T06:03:37Z,AGPL-3.0,main,a6d08f5fe4aa9bdf5eebe57a1eb63796622c419c,10,14,3,35,10,Medium,"manage.py=True, requirements.txt lists Django"
creativetimofficial/soft-ui-dashboard-django,https://github.com/creativetimofficial/soft-ui-dashboard-django,111,2025-04-18T12:54:05Z,NOASSERTION,main,51a84fa76ba007ac404991519b630aaae37f83a0,4,4,15,2,2,Medium,"manage.py=True, requirements.txt lists Django"
sissbruecker/linkding,https://github.com/sissbruecker/linkding,11260,2026-09-18T01:31:35Z,MIT,master,27b7303baf41bb28babc610ac8eaa486e1ddfab5,1,9,1,54,1,Small,manage.py present at repository root
sshwsfc/xadmin,https://github.com/sshwsfc/xadmin,4746,2025-12-16T05:44:15Z,BSD-3-Clause,master,291b63bad248a3958f8cdfbac63bd9bc54028e9b,3,12,0,6,2,Small,"manage.py=False, requirements.txt lists Django"
geex-arts/django-jet,https://github.com/geex-arts/django-jet,3621,2025-11-26T22:21:07Z,AGPL-3.0,dev,0cc1e636109f680de6759ac30c0b14ef980883bc,0,6,18,3,2,Small,manage.py present at repository root
django-mptt/django-mptt,https://github.com/django-mptt/django-mptt,2970,2026-09-28T20:47:21Z,NOASSERTION,main,72195e261dd865255e835f753ba7977b9fdad6da,1,6,0,0,0,Small,"manage.py=False, requirements.txt lists Django"
wsvincent/lithium,https://github.com/wsvincent/lithium,2460,2026-04-09T00:47:07Z,NOASSERTION,main,14c0374eaab52dc49898229ffe9a3e8f0e0e51c2,2,0,2,1,1,Small,"manage.py=True, requirements.txt lists Django"
zostera/django-bootstrap3,https://github.com/zostera/django-bootstrap3,2327,2026-09-21T09:15:04Z,BSD-3-Clause,main,df3da91b403c66de8e75fda3a547ce841be3f22a,1,0,10,0,0,Small,manage.py present at repository root
vintasoftware/django-react-boilerplate,https://github.com/vintasoftware/django-react-boilerplate,2270,2026-05-04T15:46:01Z,MIT,main,340e19b11249b87c4d89afad423a447f279c4a1c,1,1,4,0,0,Small,"manage.py=False, pyproject.toml lists Django"
python-social-auth/social-app-django,https://github.com/python-social-auth/social-app-django,2145,2026-09-29T06:01:23Z,BSD-3-Clause,master,5fd8a86503f7f04c54229d62f5217d36a383ec5f,1,5,11,17,1,Small,manage.py present at repository root
celery/django-celery-beat,https://github.com/celery/django-celery-beat,1951,2026-09-28T17:18:39Z,NOASSERTION,main,00cf4afefc2cd8b6ccf8a44c63bb04f32cdffc51,1,6,0,23,2,Small,manage.py present at repository root
django-helpdesk/django-helpdesk,https://github.com/django-helpdesk/django-helpdesk,1686,2026-09-28T19:33:08Z,BSD-3-Clause,main,78284944712e9fe86746f804908a9b77f7147cc6,1,20,1,42,1,Small,manage.py present at repository root
arrobalytics/django-ledger,https://github.com/arrobalytics/django-ledger,1389,2026-09-19T01:47:11Z,GPL-3.0,master,ecbd0663329ffee0b9f433aeaa56c12e012305d7,1,0,0,30,1,Small,"manage.py=True, requirements.txt lists Django"
dennisivy/crash-course-CRM,https://github.com/dennisivy/crash-course-CRM,584,2026-01-29T18:57:02Z,NOASSERTION,master,f250e3984e3045b41b421f7c7e1078c9ea2c03f8,1,3,6,5,1,Small,"manage.py=False, requirements.txt lists Django"
render-examples/django,https://github.com/render-examples/django,44,2026-03-25T17:46:34Z,MIT,main,fbc60fcb44eebd63cfd45566e6973183e6f75aa4,1,0,1,0,0,Small,"manage.py=True, requirements.txt lists Django"
